<?xml version="1.0" encoding="UTF-8" standalone="yes"?>
<addon id="knuckles.addon.repository" name="Fen Light" version="1.0.0" provider-name="rtuRgALp">
    <extension point="knuckles.addon.repository" name="Fen Light">
        <dir>
            <info compressed="false">https://raw.githubusercontent.com/rtuRgALp/knuckles.github.io/master/repo/zips/addons.xml</info>
            <checksum>https://raw.githubusercontent.com/rtuRgALp/knuckles.github.io/master/repo/zips/addons.xml.md5</checksum>
            <datadir zip="true">https://raw.githubusercontent.com/rtuRgALp/knuckles.github.io/master/repo/zips/</datadir>
        </dir>
    </extension>
    <extension point="knuckles.addon.metadata">
        <summary>Fen Light</summary>
        <description>Fen Light 1.0.05 backup #LongLiveTiki</description>
        <disclaimer></disclaimer>
        <platform>all</platform>
        <assets>
            <icon>icon.png</icon>
            <fanart>fanart.jpg</fanart>
        </assets>
    </extension>
</addon>
